{"cameraMode":{"drawMode":0,"name":"Shaded","section":"Shading Mode"},"sceneLighting":true,"audioPlay":false,"sceneViewState":{"showFog":true,"showMaterialUpdate":false,"showSkybox":true,"showFlares":true,"showImageEffects":true,"showParticleSystems":true},"in2DMode":false,"pivot":{"x":85.43497467041016,"y":-104.57289123535156,"z":175.79571533203126},"rotation":{"x":0.24160410463809968,"y":0.19661945104599,"z":-0.05006023123860359,"w":0.948930561542511},"size":2.8578836917877199,"orthographic":false}